title,genre
"erros meus, má fortuna, amor ardente",Drama
davit guramishvili,Biography
vadászat angolokra,Drama
tai teleen,History
dante's purgatory,Drama
invitation to valhalla,Action
in silence,Drama
veer bawavalo,History
darkest russia,Drama
lure,History
wo's wäwwert - geistergeschichten aus dem odenwald,Drama
mi chiamava valerio,Drama
fort saganne,Drama
"atlantic exile, memories of evacuation",History
guy fawkes,Biography
veshchiy oleg,Drama
i piloti del nord,History
the great darkened days,Drama
tsubaki sanjûrô,Action
bronislaw,History
kadambari,Drama
sword and scythe ii: eyewitness,Drama
christine cristina,Biography
1945,Action
elesin oba: the king's horseman,Adventure
ideiglenes paradicsom,Drama
je ne vous oublierai jamais,Drama
apteeker melchior,Crime
mambí,Drama
královský omyl,Drama
matzeder,Drama
driven,Biography
a letter from isaiah - will of isaiah -,Animation
arthur rimbaud's bad blood,Horror
dark waters,Biography
legend of the devil,Action
skin,Drama
irena sendler,Biography
the cardinal,Drama
the last battle,Action
rebirth the cost of freedom,Action
sant gyaneshwar,Biography
the white line,Drama
okinawa,Action
w.a.s.p.,History
the knight of the sword,Drama
borderliners,Biography
father of independence: ds nidhasa piya,Biography
rogers pass: 1910,History
the reformer. zwingli: a life's portrait.,Biography
parviyat kurier,Drama
pandavas: the five warriors,Animation
the cut,Adventure
salomon's war,History
the abduction of jean key,Crime
blackbirder,History
sócrates,History
romanticismo,Drama
o processo do rei,Drama
iniquity,Drama
the kingdom of solomon,Action
samrat prithviraj,Action
the american,History
the hindenburg,Adventure
kyatapirâ,Drama
i am virginia,History
the treasure of croesus,History
caruso - a novel live,Comedy
contradictory hands,Drama
colierul de turcoaze,Action
hanbu nyahoewon-ui iyagi,Drama
pedro calungsod: batang martir,Biography
the dish,Comedy
railway heroes,Drama
if i were king,Adventure
billie bob joe,Comedy
queen margot,Biography
prints privideniye,History
tr,Biography
the tailor,Action
guilt,Drama
trini,History
houghton revisited: the walpole masterpieces from catherine the great's hermitage,History
the rise and fall of legs diamond,Biography
the story of zhou enlai,History
molba o proshchenii,Drama
the 300 spartans,Adventure
ozarks: legacy & legend,History
untitled wwii vatican espionage project,History
my immortal: the vampires of berlin,Action
the final witness,Drama
agnes,Drama
le mystère de la création,History
song of king solomon,Fantasy
tora kai tote... i nea smyrni mou,History
apostle,Drama
untitled onedoor studios epic historical project,History
medieval,Action
the secret commonwealth,Adventure
untitled chicago period drama,History
the eternal road,Drama
the 40,Action
fernweh - the ache for distant places,History
lafayette,Biography
thirteen days,Drama
defiant,History
the beautiful mrs. reynolds,Drama
the lost city of z,Adventure
maharaja's children,History
a royal democrat,Drama
weisse wölfe,Drama
royal shakespeare company: henry iv part i,Comedy
il giorno di san crispino,History
battle for sevastopol,Action
the glenrowan affair,Action
the count of monte cristo - part 2: retribution,Adventure
inside the twin towers,Family
gallant journey,Biography
boiling pot,Crime
la nuit des publivores,History
the voyage of captain fracassa,Adventure
yue fei chu shi,Drama
pedals on a bicycle,Adventure
affairs of a rogue,Drama
tinks,Adventure
pawn sacrifice,Biography
santa's story,Family
pavagarh nu patan,Biography
fanny elssler,Drama
canaan: the exodus,History
catch a fire,Biography
red cliff,Action
über stock und stein - es steht ein baum im odenwald,Drama
ignatius of loyola,Action
suba theraniyo,Drama
sacra corona,Adventure
the brawler,Biography
the gang of oss,Crime
bel ami,Crime
laveau,History
sphulingo,Drama
sultan mahmud mangkat dijulang,Drama
slaves of babylon,Adventure
the gospel of thomas complete sayings,History
lejos de casa pelicula venezolana,Drama
sulis 1907,Action
mojubá,History
the four horseman,History
scipione detto anche l'africano,Comedy
bang rajan,Action
ninjutsu suikoden inazuma kotengu,Action
akbar saleem anarkali,Drama
crepúsculo rojo,Action
summer of '92,Biography
sword of sherwood forest,Adventure
the iron orchard,Drama
luk královny dorotky,Drama
jane eyre,History
stepan razin,Biography
corregidor: the road back,History
atlantic ferry,Drama
arabi,History
the crucifire,Action
intoxicated eye,Biography
joze: a revolutionary,Biography
the young victoria,Biography
bajo un manto de estrellas,Drama
black boots,History
the lost bladesman,Action
zarubki na pamyat,Drama
panchayat,Drama
la vie au temps des mousquetaires,History
sluga gosudarev,Action
alia: a bosniac rhapsody,Action
misterele bucurestilor,Action
oranges and sunshine,Biography
"maría magdalena, pecadora de magdala",Drama
hry lásky sálivé,Comedy
the saboteurs,History
shohrat,Drama
"cyrano, my love",Comedy
zombie stars,Adventure
maria graham: diary of a residence in chile,Biography
the land's music,Adventure
baltiyskaya slava,Drama
the passenger,Biography
river queen,Action
yellow earth,Drama
april captains,Drama
proshchaniye s peterburgom,Biography
narsanhar,History
posledniy boy imama,History
"szabadság, szerelem",Drama
grande guerra,History
djamilah,Biography
samkauli satrposatvis,Drama
"inimene, keda polnud",Drama
on the air,Drama
the tree of wooden clogs,Drama
21,Crime
gateway to the west,Action
demetrius and the gladiators,Action
the parade,Comedy
lightning flashes and the river bends,History
frantz,Drama
the bittersweet taste of power,Comedy
il trono di cristallo,History
untitled marija leiko project,History
li bing,Drama
gojoe: spirit war chronicle,Action
pou sai more nikitara,Biography
tüzoltó utca 25.,Drama
roadkaepchen,Biography
qaiss wa laila,History
o sonho de inacim - o aprendiz do padre rolim,Drama
canyon del muerto,Drama
general. zamach na gibraltarze,Biography
jurgais pari,Drama
the heroes of telemark,Action
speeches about love: plato's symposium,History
death in berruecos,History
gorod masterov,Adventure
texas killing fields,Crime
la chanson de l'adieu,Drama
toque de queda,Drama
pramen zivota,Drama
in re anastaplo: we must not be afraid to be free,Biography
goswami tulsidas,Adventure
original jayhawk,History
"care of: exile, south atlantic",Comedy
a woman commando,Drama
the lumber baron,Drama
for god and country,History
mondo sacramento 2,Crime
gagarin. pervyy v kosmose,Adventure
the moving true story of a woman ahead of her time,Biography
wings of victory: keeping our warbirds flying,History
longwave,Comedy
kingdom of heaven,Action
zvorykin-muromets,History
civil war minutes - confederate,History
mulan congjun,History
edo porn,Biography
the unfinished portrait,Drama
yippie!,Biography
the kennedy curse: an unauthorized story on the kennedys,History
the founding of a republic,Drama
kamera 12,Drama
luther,Biography
torab al-ghoraba,Biography
untitled hamilton project,History
the legion of death,Drama
the 13th day,Biography
project eden,Action
woodlawn,Biography
gandhi godse ek yudh,Drama
"farewell, nazi germany",Drama
raiders of ghost city,Action
master of tides,Action
6 tage - 6 genres,Comedy
union bound,Action
solunski atentatori,Drama
shivrayachi soon tararani,Action
to hell and back,Action
on wings of fire,Biography
aquellos años,Drama
pearl harbor,Action
dan-dream,Comedy
princess of rome,Animation
"beatrice cenci, una storia maledetta",History
disembodied voices,Drama
chiara,Biography
days of '36,Drama
john rabe,Biography
juarez,Biography
renegade nation: the story of john horse,Biography
they'll never surrender,Drama
22 july,Crime
newton's grace,Biography
the dig,Biography
bitter root,Drama
cheating alzheimers rosie & margies story,Family
the wild child,Biography
samahang siyete,History
meherjaan,Drama
büyük istanbul deprem 2 yeniden dönüs,History
der cornet - die weise von liebe und tod,History
the silent mountain,Adventure
kanatehon chushingura,History
freedom's path,Drama
osvobozhdenie: napravlenie glavnogo udara,Drama
a more perfect union: america becomes a nation,Drama
paalai,Drama
vuh: the movement,Action
song for a raggy boy,Drama
qart qadesh,Animation
hen. gregorio del pilar,Action
sonja: the white swan,Biography
bedari,Action
"cubillo, historia de un crimen de estado",History
dmitry ii,Biography
the last stand of the moors,History
the pagan queen,Fantasy
viryty,Drama
milojev dar,Drama
touttay,Drama
the story of nehanda,History
the messengers hurry,Drama
imperial iliad,Biography
greetings from agigea,Comedy
attack force z,Action
joseph smith: prophet of the restoration,Biography
"argentina, 1985",Biography
wild bill hickok,History
tai hang shan shang,History
the secret of china,Adventure
"the flying vet of lafayette, the story of dr. louis leonpacher",History
zapret,Drama
the curse of the sands,History
dongola,Action
eleven samurai,Adventure
the eagle,Action
cervantes,History
special section,Drama
how to go home,Adventure
romola,Drama
home,Action
all that remains,Biography
the boy in the woods,Biography
cleobatra,Drama
daughters of the dust,Drama
operation 'the bus',Action
the cabaret of death,Drama
chevalier sans peur,History
1821: anemos eleftherias,History
motsart i salieri,Drama
thérèse: the story of saint thérèse of lisieux,Biography
der alte fritz - 2. ausklang,Biography
hildegard of bingen and the living light,Biography
song jing-shi,Drama
nine hours to rama,Crime
karnikoda kallurti,History
il segreto di federico ii da montefeltro,History
kacike enriquillo,History
the barretts of wimpole street,Biography
longdon,Action
santos vega vuelve,Drama
the broken crown,Biography
number 55,Action
wang bao chuan xia ji,Drama
chasing the deer,History
the sudbury devil,History
the edge of daybreak,Drama
united passions,Drama
schemers,Comedy
snipers shot,Action
fueled: the man they called 'pirate',Drama
"sam davis, the hero of tennessee",Drama
velvet season,Drama
laozi went out of hangu pass,History
kurtlar ve çakallar,Drama
attila flagello di dio,Comedy
"ireland, a nation",Drama
gaius julius,Adventure
the masonic map,Adventure
behead the king,History
der große könig,Drama
marquis de sade,Drama
kahpe bizans,Comedy
battleship potemkin,Drama
untitled battle of jambeli project,History
the marshal,Drama
taejo lee seong-gye,Biography
turbina,Drama
bajirao mastani,Action
sound of freedom,Action
witnesses,Action
the lady with the torch : elsie inglis's war,History
seeing the elephant,History
allegiance,History
gopala,History
ambel,History
st. george shoots the dragon,Drama
pierscien ksieznej anny,Family
hollywood uncensored,Action
dynamit am simplon,History
el año de las luces,Comedy
babruvahana,Action
saya e khuda e zuljalal,Action
glorious cause,Action
candles,History
olga,Biography
the battle of neretva,Drama
iancu jianu,Adventure
el joven juárez,Biography
the age of the earth,Drama
the dreyfus case,Biography
my body will bury you,Drama
eva from argentina,Animation
the bushbaby,Adventure
satan never sleeps,Drama
mantostaan,Drama
katips,Drama
nam,History
the yagyu chronicles 8: the one-eyed ninja,Action
pushkin: poslednyaya duel,Biography
the barber of siberia,Comedy
krepost,Animation
the ship angelica,Action
a royal affair,Biography
absence of god speaking,Drama
1955,Biography
veritas vincit,History
the burning of atlanta,Action
korol-geroy,Drama
mary 4 mayor,Comedy
aryans,Comedy
paradise in service,Drama
marilyn monroe legacy,Biography
trag divljaci,Drama
kuduz recep,Adventure
jack's mettle,Family
glory in the sky,History
christopher columbus,Action
"have sword, will travel",Action
year 1863,Drama
a nap szerelmese - munkácsy mihály élete,Biography
agha mohammad khane ghajar,Biography
carl xii:s kurir,History
guerrilla brigade,Drama
the revenge of the defective pearl,Adventure
jakob hutter und die hutterer - märtyrer des glaubens,Biography
ramayanam,History
nälkävuosi,Drama
rajanna,Action
once upon a time in london,Crime
sword of the assassin,Action
lansky,Biography
the man from gori,Drama
rio 2096: a story of love and fury,Animation
the jade pendant,Drama
ninjutsu sanada-jô,Action
jvartsmuli kundzuli,Action
chain reaction,History
all good children,Drama
the entertainer,Biography
leonardo syndrome,History
the 7 day diary,Drama
ascent to hell,History
perunakeräys,Drama
yellow stars below,History
facing berlin,Drama
empress's story,Drama
urho,Biography
défense de la france,History
"un sorriso, uno schiaffo, un bacio in bocca",Biography
shiraz,Drama
the last duel,Action
the camp on blood island,Action
violencia,Drama
la vera storia della monaca di monza,Drama
the challenge,Adventure
alfred the great,Drama
daniel boone thru the wilderness,Adventure
the message,Biography
pace,History
pyotr velikiy,Biography
obloki smierci. bolimów 1915,Drama
the first marine,Adventure
kikuchi-jô monogatari - sakimori-tachi no uta,Drama
rikyû,Biography
old ironsides,Drama
el señor de la salle,Biography
josephine,Drama
perlas ng silangan,Drama
svet nad rossiyei,History
ostanniy bunker,Drama
reaching for the moon,Biography
american homestead,Drama
by the will of chingis khan,History
the gaucho war,Drama
alisher navoy,Biography
at eternity's gate,Biography
youth of heiji senigata,Comedy
shakespeare's globe theatre: henry v,Comedy
chandrayaan,Drama
mar de luna,Drama
lbj,Biography
queen of the maroons,Adventure
1895,History
whisper island,Adventure
abschiedswalzer,Drama
the real glory,Action
she said,Drama
pafnucio santo,Drama
glory,Biography
music and silence,Drama
hermes: winds of love,Animation
bender,Drama
"st. benedict, the man of god",Biography
thesis,History
sana oula houb,Drama
resurrection,Biography
the glorias,Biography
maipa deapati & datu museng (the hero,History
kazachya byl,Adventure
the emperor's sword,Action
banovic strahinja,Action
"kinder, wie die zeit vergeht",History
kingdom: unmei no hono,Action
the story of adele h,Biography
n (io e napoleone),Comedy
victoria the great,Biography
la bande à bonnot,Crime
chas polnoluniya,Drama
codicia,Action
power and fire,Action
british,Biography
sassi punno,History
finding saint francis,Biography
madame du barry,Comedy
the whirlwind knight,Action
angelique and the king,Adventure
flames on the volga,Drama
tsamo,Drama
yang gui fei,History
plantain,Biography
judas,Biography
shimizu no sataro,Biography
the light: swami vivekananda,Biography
the grey fox,Biography
lst 325: bringing home a hero,History
the legend of harry and ambrose,Comedy
arslanlarin dönüsü,Action
portraits,History
raja harishchandra,History
barfota rop,Drama
raj sinhasan,Drama
stand!,Drama
for such a time,Drama
samurai cat,Comedy
the olympic summer,Drama
mark of the devil,Drama
the story of the kelly gang,Action
little boy,Drama
romantic england,Drama
"expulsados 1609, la tragedia de los moriscos",History
assyria a.d.,History
the death of socrates,Biography
the ship sails on,Drama
syzyfowe prace,Drama
otsnebebis sasaplao,Drama
watani wa hubbi,History
pride and prejudice,Drama
"no god, no master",Crime
copper skin and iron bones of fang shiyu,Action
1857,Drama
optimisticheskaya tragediya,Drama
mamut i ayshe,History
qiao luo cheng,History
étienne brûlé gibier de potence,History
the counterfeit traitor,Drama
theodor hierneis oder wie man ehem. hofkoch wird,Biography
bombay holiday,History
plantadas,History
images de l'antiquité dans le cinéma des premiers temps,History
psohlavci,Drama
sins of pompeii,Drama
süskind,Biography
mardna gha,History
the assassination at sarajevo,Drama
aayirappara,Action
shudra: the untouchables,Drama
veda,Biography
king david,Adventure
valley of the shadow,Drama
muppathu vellikkasu,History
abel,Action
warriors of the rainbow: seediq bale ii,Action
lady ninja kasumi 10,Action
the way: man of the white porcelain,History
truth be told,History
the official story,Drama
colonel carter of cartersville,Drama
passion of love,Drama
the congress dances,Comedy
princess from the moon,Adventure
treffen in travers,Drama
mitt hjärtas malmö - vol 2 1936-1951,History
realms,Biography
anagarika dharmapala srimathano,History
3 frauen 1 streik,History
huragan,Drama
a united kingdom,Biography
gods and kings,Drama
sika,Drama
die schwarze galeere,Adventure
firebrand,Drama
dreaming about tulum: a tribute to federico fellini,Adventure
mewadpati bappa rawal,Biography
destination 2221 - 199 years at auction!,History
volnami,Drama
1922,Drama
the st. valentine's day massacre,Crime
desperate crossing - the true story of the mayflower,History
ce sang qui va couler,History
tevye's daughters,Comedy
prince oakleyski eurasia - royalwiki,History
the they people,History
os breves: a persistência de um povo,Drama
code noir: les aventures du premier conte de monte cristo,History
barroco,Drama
the tale of genji,Animation
"mata hari, agent h21",Drama
joe petrosino,Action
musa dgalil,Adventure
a man called peter,Biography
tipu sultan,Biography
impressions of italy,History
longsome autumn,History
aakraman,Drama
pravda,History
bible!,Fantasy
remember my isa,Drama
ippen shônin,Biography
"martín fierro, la película",Animation
i poli kai i poli,Drama
tzar ivan shishman,Drama
lei yu zhi ye,Drama
legends of broken rock: fiddle,Drama
kozure ôkami: sono chîsaki te ni,Drama
yi zhi hong yan lu ning xiang,Drama
blagorodnyy razboynik vladimir dubrovskiy,Drama
lawyer lawyer,Comedy
operation curveball,Comedy
royal shakespeare company: henry iv part ii,Comedy
st petersburg,History
tarkan,Action
discovering ramon llull,Adventure
"giovanni, belle e spietate: le brigantesse",History
the long game,Drama
the match,Drama
the conspiracy,Adventure
mahpeyker - kösem sultan,Drama
yo soy chucho el roto,Drama
battlebox,Drama
cervino - la montagna del mondo,Adventure
a home out west,Drama
zero crossing,Drama
the virgin queen,Biography
bhakta salabega,History
der choral von leuthen,Biography
stairway to heaven,Drama
the krazy krew,Action
intîlnirea,Action
moonzund,Drama
die tänzerin von sans souci,Drama
akher ayam el ard,Drama
tales of albion,Action
przeor kordecki - obronca czestochowy,Drama
let the girls play,Comedy
roanoke: the lost colony,Drama
72 heroes,History
batla house,Action
frontera sin ley,Action
sangue a ca' foscari,Drama
i am a teacher,Drama
experimenter,Biography
vaincre ou mourir,Action
habit of the order,Drama
panienka z okienka,History
serpent of the nile,Adventure
"bastard of orleans, or looking for joan",Biography
ponniyin selvan: part i,Action
bezerra de menezes: the diary of a spirit,Biography
mark felt: the man who brought down the white house,Biography
the irish pirate queen,Action
world trade center,Drama
the grey zone,Drama
anonyma - eine frau in berlin,Biography
general sutter,Biography
lakshmi pooja,Drama
lala taaalat,History
the war below,Drama
teresa: crucificada por amar,Drama
weave a story to tale,Action
1929: women war,Drama
chakali ilamma,History
pervyy posetitel,Biography
10 may 1857 kotwal dhan singh gurjar,History
miraculous,History
operation sunflower,Drama
the human condition ii: road to eternity,Drama
yedi dagin aslani,Action
captain lightfoot,Adventure
supplì,History
war flowers,Drama
the fighting sullivans,Biography
coup d'etat,Biography
the true american,Biography
the afilika,Drama
che guevara,Biography
"m, un tren dalt d'un pont",Family
al hurra: the pirate queen,History
el corazón del guerrero,Action
ghosts of kilrush,History
soldier in the barn,Drama
avvaiyyar,Drama
boris i,Biography
heart of america,Comedy
when hitler stole pink rabbit,Biography
padmaavat,Drama
plantation wildlust,History
partizanska eskadrila,Drama
the scandalous four,Drama
moonrise over egypt,History
godzina pasowej rózy,Comedy
a story from chikamatsu,Drama
ra kawat,History
battle for incheon: operation chromite,Action
köroglu,Adventure
anaerhan,Drama
hagenberg,History
tange sazen doto-hen,Adventure
megher onek rong,History
kara pençe,Action
the man who stood in the way,Biography
ryo kazu tai ore,History
mayakovsky itskeboda ase...,Biography
the portuguese woman,Drama
café moszkva,Drama
that day in june,Action
unterwegs zu lenin,Drama
the patriot,Action
las dudas de judas y maria magdalena,Drama
a boy's summer in 1945,Drama
goltzius and the pelican company,Biography
pintea,Action
blood in the water,Action
shtorm,Drama
the conqueror,Adventure
battle hell,Drama
the hero noreturn,Drama
the fencing master,Drama
konfrontation,Drama
das treibhaus,Drama
mao zedong 1949,Biography
once upon a time in palestine,Drama
robbins reef,Drama
war and peace,Drama
gøngehøvdingen,Action
burning of the imperial palace,History
the founding of an army,Action
amistad,Biography
shadowless sword,Action
the sugar shack,History
lastochka,Adventure
baruto no gakuen,Drama
raiders of old california,Drama
huyen su vua dinh,History
taira clan saga,Drama
december heat,Action
khalid ibn el walid,Drama
in the times of my general,History
marco polo: the china mystery revealed,Drama
p.s.o: in the name of my father,Action
amin: the rise and fall,Biography
general,Biography
thyagayya,Family
plokhoy khoroshiy chelovek,Drama
rashtraputra,Action
hero and punishment,History
asura bride,Action
untitled lowell national history park film,History
"the butcher, the whore and the one-eyed man",Drama
42:6 - ben gurion,History
legend of a fighter,Action
the pharaohs' woman,Adventure
dumas,Comedy
skeleton coast,Action
daens,Biography
the affairs of messalina,Action
romance of a horsethief,Adventure
abraham: the friend of god,Biography
bhakti mein shakti,Adventure
the glory trail,Action
soldier's bride,Drama
prisoner in the tower of fire,History
samurai pirates,Adventure
¡que vivan los crotos!,Biography
liu jinding's clash at the gate,History
giordano bruno,Biography
catalina de inglaterra,Drama
l'armata brancaleone,Adventure
steal away,Drama
boston strangler,Crime
rupert of hentzau,Drama
captain ion's arrow,Action
vörös rekviem,Drama
walk on by,Drama
throne of blood,Drama
hong gildongjeon,Action
daedojeon,Action
la condesa de malibrán: la verdadera historia de la maldición,History
çanakkale çocuklari,Drama
the land of skulls,History
the manhattan front,Drama
"... gdziekolwiek jestes, panie prezydencie...",Biography
the pearl of beirut,Biography
the alamo,Adventure
il principe di san severo,History
"one sings, the other doesn't",Drama
"ouloi emeis, efenti",Drama
sincerest friends: phebe bliss and the royall sisters,History
lantern of the way,Adventure
balangiga: howling wilderness,Adventure
9 days a soldier,Adventure
prince paul royal exile,Action
matka królów,Drama
rudar,Biography
land of legends,Drama
severnaya povest,Biography
honor,History
the uphill of golgotha,Drama
junihitoe wo kita akuma,Comedy
shadow magic,Drama
mayerling,Drama
charlatan,Biography
shankhachil,Drama
greystone,Crime
les hommes libres,Drama
angélique,Adventure
d-day: battle of omaha beach,Action
thoratanchi kamala,History
the brink's job,Comedy
the auschwitz report,Drama
lovers on the run: the complete story of bonnie & clyde,Crime
monarch,Biography
parzania,Drama
"grace o'malley, the she king of the irish seas",History
back home,History
i won't bear no more,Drama
il figlio di aquila nera,Adventure
lysistrata of aristophanes,Comedy
the cook and the princess,History
a frenchman,Drama
historia roja,Drama
the plot to assassinate hitler,Drama
becoming astrid,Biography
autoportrait,Drama
break of day,Drama
naqsh-e-sulemani,Fantasy
sangria,History
new interpretation records of the three kingdoms,Comedy
last flamingo of the red summer sunset,Drama
fate/grand order the movie divine realm of the round table: camelot paladin; agateram,Animation
"money, a mythology of darkness",Animation
mad wolf,History
little rose,Drama
mission konkan,History
to kill a king: the true testament of the gentleman jasper price,Drama
up pompeii,Comedy
riot or revolution: eureka stockade 1854,History
v sugrobakh,Adventure
king lear,Drama
the manifesto,History
the scarlet letter,Drama
madonnas and men,Drama
v nachale veka,Biography
first around africa,History
exemplum - dante alighieri's life,Biography
milunka savic: heroine of the great war,Action
nezrimyy puteshestvennik,Drama
sundiata: the lion king of mali,Biography
the huns,Action
the stanford prison experiment,Biography
the lioness of castille,Drama
the nasty girl,Comedy
turgut reis - dragut,Action
elcano & magellan: the first voyage around the world,Animation
son akin,Adventure
the last king of scotland,Biography
bhuj: the pride of india,Action
operation seawolf,Action
klíc,Drama
pathfinders: in the company of strangers,Action
shadow of a hero,Biography
fils de grece: children of greece,Drama
terra de canons,Drama
rampant,Action
la sombra de cruz diablo,Adventure
barbarossa,Drama
timur,Action
albert schweitzer,Biography
enslaved,History
group portrait with a lady,Drama
una ragazza di praga,Drama
prince arsalan,Action
trahir,Drama
lala hardaul,History
stanislaw i anna,Drama
l'ultimo esploratore - vita e avventure del barone franchetti,Animation
the agony and the ecstasy,Biography
nanking,Biography
el dirigible,Comedy
crimes at north sea,Drama
the white rose,Biography
munich,Action
yellow jack,Drama
one of many,Drama
without prejudice,Adventure
singapura dilanggar todak,History
"solo, solitude",Adventure
the color of pomegranates,Biography
mark of the devil part ii,Drama
bathory: countess of blood,Biography
sweet words,History
...e continuavano a mettere lo diavolo ne lo inferno,Comedy
worldwar vx,Action
al hilal,Action
smierc prezydenta,Drama
sukunsa viimeinen,Drama
"rozina, the love child",Drama
nachalnik chukotki,Adventure
bhakt pralhad,Animation
laila majnu,History
the dam busters,Drama
oma maa,Drama
prikhodi svobodnym,Drama
calle de la resistencia,Drama
hälfte des lebens,Biography
juan moreira,Adventure
tie tou huang di,Drama
fares bani hemdan,History
the affair of the necklace,Drama
mandingo,Drama
in those days,History
mao zedong de gu shi,Biography
peony legend,History
the lost viking,Action
sijou,Drama
tender embers,Drama
el suizo - un amour en espagne,Drama
the house at otowi bridge,History
huo,Drama
the spy,Biography
prisoners of time,History
sny,Comedy
wild nights with emily,Comedy
the eternal light,Drama
the sheikhs,History
xuan zang,Biography
weird history: timeline,History
since,Drama
fighting paisanos,History
the white dawn,Adventure
saturday fiction,Drama
tales of mexico,Drama
salammbo,Drama
sink the bismarck!,Action
analemnon: le seigneur de l'hermine,History
tandang sora,Action
shango: the lightning of the orisha,Action
ram bhakta hanuman,Action
tesla's engine,Biography
bananas,History
puraido: unmei no toki,Drama
au service du tsar,Drama
a koppányi aga testamentuma,Adventure
loneliness,Drama
the factory,History
erzherzog johanns große liebe,History
the poet,Drama
kureyon shinchan: arashi o yobu: appare! sengoku daikassen,Animation
stand & defend,History
norman's awesome experience,Action
gô-hime,Drama
mozafarname,Comedy
eine königliche affäre - das riskante leben des leibarztes johann friedrich struensee,History
americana noir vignettes,Drama
beloved sisters,Drama
chandralekha,Drama
"the loves of mary, queen of scots",Drama
instruments of darkness,Action
nisshin senso fuun hiwa: kiri no machi,History
master i margarita. roman,Animation
addour,History
the wind guardians,Animation
tundra,History
la marrana,Comedy
malta story,Drama
el baile de san juan,Drama
budakeszi srácok,Drama
manhunt in the jungle,Action
peace in our time,Drama
napszállta,Drama
the world's greatest fair,History
hollywood cavalcade,Comedy
evangeline,Drama
l'exil du roi behanzin,Drama
rosa luxemburg,Biography
untitled smallpox eradication project,History
glenarvon,Drama
pilsudski,Biography
deliver us from evil,Drama
director,History
the judge and the assassin,Crime
unidad xv,Drama
the black book of father dinis,Drama
colette,Biography
"'non', ou a vã glória de mandar",Drama
miracle,Biography
donko (slave),History
lucrezia borgia,Drama
eran trecento... (la spigolatrice di sapri),Drama
michman panin,Adventure
shadow of the guillotine,Drama
babylon,Comedy
sri krishnarjuna yudham,Drama
tara colindelor,History
sayili kabadayilar,Drama
hiding in the shadows,History
kavirathana kalidas,Drama
wieland,History
battal gazi,Adventure
el último perro,Drama
golden circle,Action
héliopolis,Drama
between wars,Drama
in the time of the locusts,Action
liberté,Drama
kurukshetra,History
thariode: the lost city,Adventure
kingmaker,Drama
compliance,Crime
krantiveer vasudev balwant,Action
ludwig - requiem for a virgin king,Biography
fireflies at el mozote,Drama
primo gruppo caccia asso di bastoni,History
the gospel of john,Biography
lost division,Drama
hollywood town hall,History
la sargento matacho,Action
marcellus,Family
gardemariny iii,Adventure
céleste,Biography
meliksah,Adventure
new tales on 14th street,History
zondebokken,History
stars above,Drama
nothing left - just that summer,Comedy
the wolves,History
japan's longest day,Drama
söhne und töchter der welt,Drama
rabbi löw,History
gripsholm,Drama
51 christopher street,Drama
asterix and cleopatra,Animation
fire,Action
silver star,Crime
inquisition - avik sarkar,History
secretariat,Biography
the devils of monza,Drama
1939 battle of westerplatte,Drama
i accuse!,Biography
"istván, a király",Drama
hökmdarin taleyi,Drama
once in salem,History
i was a boy,Biography
c.h.l.d. (cat. horse. love. death.),Action
indescribable,Drama
loucka 1945,Drama
perpetual sadness,Drama
bitter honey,Drama
land of the morning calm,Action
yavuz: saha varalim,Action
zestrea domnitei ralu,Action
evil law,History
gekijouban tenpesuto 3d,History
tesla,Drama
kurdoglu 1 - osmanli bedel ister,History
dogshin hutagtin sakhius,Adventure
the tiger and the president,Comedy
born free,Adventure
bela kiss,History
jingwu chen zhen,Action
ladies of laurel canyon,History
bodhisattva- the hermit prince,History
las 13 rosas,Drama
aquile senza corona,History
lion of verdun,History
su saek,Action
hollywood burn,Action
los caballeros de santiago,Drama
the apostle of brazil,Biography
cry freedom,Biography
breath of god,Biography
andrei rublev,Biography
da taijian li lianying,Drama
az aranyember,Drama
skvoz ledyanuyu mglu,Biography
the diary of diana b,Biography
der unendliche weg,Biography
bolivar soy yo,Comedy
panipat,Action
"mio padre, il mare, i deserti",History
the fugitive,Drama
the minnitts of anabeg,Drama
the vigilantes,Drama
kunthapura,History
14 blades,Action
la casa del sur,Adventure
ice down,History
egon schiele: tod und mädchen,Biography
punggok rindukan bulan,Drama
sigiri kashyapa,Drama
the revolutionary,Biography
in the crosswind,Drama
har har gange,Adventure
the destiny of britain,History
anne boleyn: the most happy,History
john paul jones,Action
"lust, caution",Drama
arnouds tijdreis,Drama
warpaths,Action
el último malón,History
il sacco di roma,History
"omaggio a giordano bruno (il rogo, il candelaio, il confusissimo secolo)",History
the yellow wallpaper,Biography
nixon's nixon,Comedy
moro no ichimatsu yûrei dochu,Comedy
american pop,Animation
lloyd's of london,Drama
el demócrata,Drama
heroes of the titanic,History
kagerô no tsuji: kengô fukkatsu! - inemuri iwane edo zôshi,Drama
hearts of love,Drama
tears for sale,Comedy
karaoglan - samara seyhin kizi,Adventure
public enemies,Action
curiosa,Biography
the manson family,Crime
gijin goho,History
khak aur khoon,Action
untitled joss whedon/wwii horror project,History
america's first civil war,Biography
arckép sötét háttérrel,History
the go masters,Drama
wuthering heights,Drama
the heretics,Action
a taxi driver,Action
first man,Biography
drumet în calea lupilor,Drama
the poetess li qingzhao,Biography
just like the men,Comedy
the mighty bears - volume two 1960 - 1970,History
angry rice wives,Drama
unter bauern,Drama
recovering forgotten history,History
jibondhuli,Drama
die schwester vom roten kreuz - ein lebenslauf,Drama
i was saddam's son,Biography
most vagy soha!,Adventure
day of hope,History
"the story of kenneth w. randall, m.d.",Drama
çapar,Drama
alexander,Action
hvezda zvaná pelynek,Drama
runestone,Action
princess the secret service part 1,Action
the key,Drama
w.,Biography
il grande torino,History
1066,History
operation cicero,Action
the executioner of venice,Adventure
alexandros o macedon,Biography
ba qi zi di,Drama
tukaram,Biography
the rose of versailles,Animation
kong fuzi,Biography
diomar,Biography
bhagat gora kumbhar,Drama
the heroic ones,Action
the marquise of o,Drama
aperture: the dorothea lange story,Drama
el círculo en el agua,Biography
"bolivar, man of difficulties",Adventure
devil,Action
mao zedong and his son,Biography
basanti,History
passchendaele,Drama
razbunarea haiducilor,Action
the map against the world,Drama
zatím dobrý,Drama
once upon a time in corea,Action
sri sri sri maryada ramanna,Comedy
purple sea,Drama
mad dog morgan,Action
"fumc temple, tx shines since 1895",History
betrayed,Drama
mo zi,History
the alpine campaign,Animation
le café du pont,Comedy
content of character: diary of a young black girl,Biography
dream team 1935,Comedy
kaiserin elisabeth von österreich,History
first they killed my father,Biography
kelin,Drama
la razón,Drama
the gangster,Action
shankar sita ansuya,Adventure
inspired kiss,Action
le battement d'ailes d'un papillon,Biography
baby harry's hollywood,Biography
joe hill,Biography
pub galimberti,History
the conquest,History
mosaic of seven colours,Fantasy
portrait of a thief,Crime
retorno a aztlán,Drama
"hochelaga, land of souls",History
el camino del fuego,History
pathonpatham noottandu,Action
fu tou bang quan qi,Action
duel of the titans,Action
sikandar,Drama
the viking,Adventure
the view from our house,Biography
a másik ember,Drama
ana de los angeles,Biography
norward,Drama
camarate,Drama
kaiss wa leila,Biography
field of honour,Drama
pinball passion,History
king charles ii: england's merry monarch,Adventure
osvobozhdenie: ognennaya duga,Drama
saturday's children,Biography
tempting fate,Drama
kadhalukku kannillai,History
songs of alchemy,Fantasy
the woman and the stranger,Drama
fellagas,Drama
17 jahre später,History
"diana, princess of wales",Biography
cairo declaration,History
avanti,History
le molte morti di cagliostro,History
jesus christ superstar,Drama
maafa: the movie,History
the destiny of pigs.,Drama
the crickets dance,Crime
severe visibility,Drama
buddha 2: the endless journey,Animation
the soul of kalaupapa: voices of exile,History
the butler,Drama
the madness of king george,Biography
uchenik lekarya,Comedy
extinction v,Action
1992 - attacco al potere,History
ay juancito,Biography
an israeli love story,Drama
pàtria,Animation
a warrior of the people,Biography
sverige åt svenskarna,Comedy
paltan,Action
a temetetlen halott,Drama
legendary equestrians: the story of edward d. brown and the first black horsemen,Biography
castro's daughter,Biography
veer chhatrasal,History
soekarno,Biography
wilson,Biography
"rubens, schilder en diplomaat",Biography
a harminckilences dandár,Drama
una vita per l'aeronautica,History
anatomy of malice,History
illyricvm,Adventure
the falconet,Comedy
the new village,Drama
mahabharat,Animation
le strelle nel fosso,Fantasy
when broadway was a trail,Drama
chandragupta chanakya,History
la compagnia della teppa,Drama
l'ultimo sparviero,History
il pilota della croce di ferro,History
morelos,History
the boy from pataliputra,Action
rankin,History
cyprian,Biography
the almighty sword iii- the other side,Action
katibandh,History
amnesia diaries,Biography
1812. ulanskaya ballada,Adventure
pilgrim,Adventure
skanderbeg: legacy,Action
beginning of the great revival,Drama
chattrapati shivaji: the emperor of people's pride,History
the lost battalion,History
ütközet békében,Drama
yellow crocus,History
raja harishchandrra,Biography
day of triumph,Drama
dan. dao,Action
caterpillar girl,Drama
chanakya chandragupta,Action
st. joan,Drama
anita e garibaldi,Biography
a book of,Adventure
long knife,History
16/03,Action
genesis: the creation and the flood,Adventure
maluala,Biography
the bonus army,Drama
céad bliain den churadh connachtach (100 years of the connacht tribune),History
roses and chocolates,Drama
babich,History
sophie scholl: the final days,Biography
tehran's child,History
the brontë sisters,Biography
black wall street,Biography
the baader meinhof complex,Action
dzair,Drama
tthe bollywood ultimate,History
intoxicated by love,Drama
the scarlet empress,Drama
atash dar zemestan,History
1898: our last men in the philippines,Drama
loonar mission,Comedy
charles xii,Drama
yo amo a hitler,Comedy
hollow earth quest,Adventure
prem pinda,History
botev,Biography
ip man 2,Action
föltámadott a tenger,Drama
22 june 1897,Drama
thunderbolt & me,Adventure
nincs kegyelem,History
hannibal the conqueror,Adventure
zapata en chinameca,Action
"ivan the terrible, part ii: the boyars' plot",Biography
the odyssey of a treasure: priam's gold,History
l'ulivo e l'alloro,History
china indiana jones: peking human,Action
finding gauguin,History
battalion,Action
urodziny mlodego warszawiaka,Drama
the olympiad,Action
for the rights of man,Drama
an unsuitable game,Drama
poema o krylyakh,Biography
sunset in the forbidden city,Adventure
hunger for freedom,Drama
gwen,Drama
the mastermind: jinda sukha,Action
richelieu,Drama
zaizdos zemes musu,Drama
foreign devils,Action
uzumasa limelight,History
anita garibaldi,Drama
hi no tori,Animation
nayika devi - the warrior queen,Biography
full maga jacket,History
confession chair,Crime
sangaree,Drama
il magnifico inganno: il valentino e la «cena di senigallia»,History
carnival in flanders,Comedy
the legend of bhagat singh,Action
l'ordre vert,History
tegnapelött,Drama
the heretic,Action
boldyn,Biography
serdtse rossii,Drama
guerra do paraguay,Drama
el segundo 2020,History
the beauty of love,History
paradesi,Drama
landscape after battle,Drama
hacivat karagöz neden öldürüldü?,Comedy
the trouble with girls,Comedy
pokuszenie,Drama
untitled sandoval hero project,Drama
stone years,Drama
la divisione acqui a cefalonia,History
gamal abd el naser,Drama
il falso bugiardo,Biography
saka: the martyrs of nankana sahib,Drama
spionage,History
yankee buccaneer,Adventure
kronprinz rudolfs letzte liebe,Drama
wengler & sons,Drama
checkpoint pasta,History
dance of the 41,Biography
thiel le rouge (un agent si discret),History
libertines,Drama
truth,Biography
zerkala,Biography
munich: the edge of war,Biography
viotti: variazione in do maggiore,History
lincoln at gettysburg - the battle & the address,History
muhammad: the messenger of god,Biography
the chrysanthemum and the guillotine,Drama
tai ping tian guo nu ying xiong,History
"bairoletto, la aventura de un rebelde",Action
evakko,Drama
santakavi kanakadasara ramadhanya,History
szemüvegesek,Drama
renaissance,History
vita e morte di giovanni dalle bande nere,History
titus,Drama
magnificat,Drama
ironclad,Action
man of conquest,History
kaum de heere,History
lilís,Action
the other men in black,History
tales of siva 1,Animation
imam al-muhaddithin al-bukhary,History
blood and glory,Drama
the cursed empire,History
water gate bridge,Action
forever and a day,Drama
grassland,Fantasy
wendo musaly,Biography
the hoax,Biography
gul sanobar,Fantasy
viking ships,History
ciudadano buelna,Drama
it happened in paris,Drama
dyer lane,History
richard the lionheart: rebellion,Action
go for broke,Drama
csendkút,Drama
shahu chhatrapati,History
oda az igazság,Drama
monsoon,Drama
hajji washington,Biography
chaar sahibzaade,Animation
the great escape,Adventure
marie antoinette,Biography
sri raam vanavas,Adventure
the legion,Action
my dearest jane,Drama
a man for all seasons,Biography
beauty for ashes,History
amazin',Comedy
snapphanar,History
j'ai tué raspoutine,Biography
seventh soldier,History
my family tree,Drama
yousof va zoleikha,Drama
bhul no bhog,History
april snow,Adventure
la scelta di maria,Drama
coluche,Biography
ognennyy most,Drama
tayna zabytoy perepravy,History
das grösste abenteuer der menschheit - geheimnisse des apollo programms,History
rosendo fierro: el correo de villa,Action
ming... voice of deception,Action
buynyy terek,History
karaoglan,Action
dónde nace el sol,History
soegija,Biography
the italian girl,History
back to the temple of the sun,Adventure
i tre centurioni,Adventure
seeking freedom,History
netalji palkar,Biography
doctor faustus,Drama
of gods and men,Drama
general nil,Biography
khush,History
tsar ivan vasilevich groznyy,Drama
breaker morant,Drama
el principio,Action
the heathen from valhalla,Drama
tales of the natchez trace,Drama
ip man 4: the finale,Action
the invisible woman,Biography
rainis,Biography
payton's burden,Drama
zlozor,Drama
under the red robe,Drama
the barbarian and the geisha,Adventure
krim belkacem,Action
sarajevo,Drama
the queen of the pirates,Action
der blinde fleck,Drama
dr. babasaheb ambedkar,Biography
princ rastko srpski,History
christophoros,Drama
s.w.a.t - silk road riot,Action
spy of napoleon,Drama
princess caraboo,Comedy
the prisoner of corbal,Drama
apolline the musketeer,Adventure
rwanda,Action
hartwell,History
no,Drama
the matchup,Biography
true story,Biography
tarkan: güçlü kahraman,Action
a murder party,Comedy
äratus,Drama
the exchequer's mistress,Crime
abe lincoln in illinois,Biography
pervyy oskar,Drama
heroes of shipka,Drama
"isoroku yamamoto, the commander-in-chief of the combined fleet",Biography
the chestnut tree 2022,History
tropico de sangre,Drama
pobeda,Drama
tatyanin den,Drama
in the shadow of the eagles,Adventure
the return of martin guerre,Biography
winter of discontent,Drama
the council,Biography
an enemy to die for,History
jendral soedirman,Action
svideteli,Drama
belizaire the cajun,Drama
the right stuff,Adventure
djanki guriashi,Action
agi murad il diavolo bianco,Action
het gezin van paemel,Drama
the happy lands,Drama
ochi de urs,Adventure
malkoçoglu - kara korsan,Adventure
the monopoly man,Biography
zacne grzechy,Comedy
whiteblade,Action
trafalgar,Action
ice palace,Adventure
scott of the antarctic,Action
punane elavhõbe,Crime
1604,Drama
island 18,History
nel segno dell'aquila,History
the longest bridge,Drama
battipaglia 1969,History
"azib zamoum, a story about land",History
the attempt dossier,Drama
the last correspondent,Biography
hibiscus town,Drama
venezia salva,History
soleils,Adventure
rubirosa 3,Drama
chôshû faibu,History
glorious deserter,Biography
around the horn,Biography
ippokratis kai dimokratia,Drama
all'ombra della gloria,Drama
sonnets from the portuguese,Drama
gray lady down,Adventure
milyy drug davno zabytykh let...,Drama
1987: when the day comes,Drama
pukar,Drama
evil of xijia,Action
buddha dev,Biography
goodbye bafana,Biography
meant to be,Action
to keep the light,Drama
"bless me, ultima",Biography
destiny,Comedy
golden five,Drama
basda ultimate 2,Action
milk,Biography
namak haram,History
nostos: the return,Adventure
you jian zhong wu yan,Drama
becket 2,Adventure
moor america,History
cyrus the great,History
yenilis papaz büyüsü,Action
june zero,Drama
fadhma n'soumer,Drama
jessie: the golden heart,Drama
heart of the city: katrina five years later,History
veer baji,Biography
entre pancho villa y una mujer desnuda,Comedy
helen of troy,Adventure
i.m. caravaggio,Biography
prévan,History
gorchlach: the legend of cordelia,Adventure
khalifornia,Action
hiding da vinci,Drama
nebuchadnezzar,Biography
la tour de nesle,Drama
yeshua,History
war party - the motion comic,Fantasy
ruby,Biography
angoville,Drama
fire next time,History
carnia 1944: un'estate di libertà,History
conquest,Drama
l'aria del lago,Drama
wisconsin death trip,Biography
the dancer,Biography
zapamtite vukovar,Drama
prithviraj sanyogita,Biography
the law of the swindler,Adventure
mavro livadi,Drama
abu raykhan beruni,Biography
vatel,Biography
the stillness of dark,Drama
captain,Action
janelas,Drama
forefathers' eve,History
veer ghatotkach,Action
chushingura,Action
ascension - turn of tides,Drama
isoviha,Drama
in the palace of the king,Drama
la folie du décret du frère,Comedy
otel·lo,Drama
the lighthouses of north america,History
die voortrekkers,History
10th day,Drama
oborona tsaritsyna. 2 seriya: oborona,Drama
the beloved rogue,Adventure
the bentley boys,Action
into the white,Action
the battle of kosovo,Drama
forty days of musa dagh,Drama
il caso moro,Crime
divia,Action
1948 kaalam paranjathu,Drama
baloch,History
american soldiers,Action
the spanish dancer,Drama
mattie the goose-boy,Animation
young polacas,Drama
noora niasari project,Drama
forever shanghai,History
rozhovor s nepriatel'om,Drama
a sweetest kiss,Drama
tayaa,History
the baby of mâcon,Drama
masquerade,Drama
jean de la fontaine - le défi,Biography
volando con visconti,Biography
poyezd v zavtrashniy den,Drama
madduma bandara,Drama
myatezhnaya zastava,History
for motherland,History
the great john ericsson,Biography
malcolm x: soldier of righteousness,History
ink: a tale of captivity,Biography
"antonio gaudí, una visión inacabada",History
julius caesar 2014,Drama
the other house,Biography
szwadron,Drama
chinmoku,Drama
"i byl vecher, i bylo utro...",Drama
il dramma di mayerling e rodolfo d'asburgo,History
key moment,Drama
zalp avrory,Drama
aykam,Action
mladá léta,Biography
danton,Biography
gaston's war,Drama
maataf kabeer alhajm,Biography
ghost of tsushima,Action
sword of odin,Action
american animals,Biography
the courtship of myles standish,Drama
swaraj: bharat ke swatantrata sangram ki samagra gatha,History
wild river,Drama
question 7,Biography
the rising hawk,Action
levins mühle,Drama
swadesh seva,History
kira & el gin,Action
"cinco de mayo, la batalla",Drama
newsies,Drama
aljubarrota,History
life of sam davis: a confederate hero of the sixties,Drama
state of défacto,Action
fong sai yuk,Action
"iancu jianu, haiducul",Action
labyrinth of lies,Drama
tiananmen,Drama
the legend is born: ip man,Action
anna karenina,Drama
two solitudes,Drama
mystic feathers,Comedy
magna carta unlocked,History
l'ultima del medici: l'elettrice palatina,History
in harm's way,History
all the president's men,Drama
syndrome k,History
the greatest race: rome's chariot superstar,History
across the waters,Drama
"casanova, last love",Drama
amore e libertà - masaniello,Drama
bezos,Biography
when i was a partisan,Drama
star 50,Drama
jfk: one day in november,History
the inventor of dreams,Drama
south kosala: a journey from silver to gold,History
calling the tune,History
bitter springs,Adventure
war of resistance,Drama
deliormanli,Adventure
the lake of sighs,Drama
ocras,Biography
birdsong,Drama
two lines in small font,Drama
land of fury,Adventure
claretta,Biography
kufferten,Action
the roundup,Drama
the rochdale pioneers,Drama
morceaux choisis - episoden aus dem leben des julius schönfeld,Biography
in the life of music,Drama
anthropoid,Action
divisiones internas en el bando republicano,History
the diary of anne frank,Biography
pardesi,Adventure
the legend of 1935,Drama
mayura,Drama
waris shah: ishq daa waaris,Drama
yossi & jagger,Drama
the last september,Drama
pudding lane,Comedy
la esmeralda 1879,Drama
glorious betsy,Drama
the gadfly,Action
the laurens hammond movie i want to be an inventor,History
dorobo,Action
independence of japan,History
mezozoy ahvalati,Drama
daas,Drama
hurry freedom,History
yuliya vrevskaya,Drama
goodall & the curse of lorenzo dow,History
vintner's revenge,History
metropolis ii - cities of the dark ages,History
a promised land,Drama
amid the battle of musketry,Drama
odiosa juve,History
kádár jános nyugdíjba megy,History
khakaan,Action
flowing letters from my successive lives,Biography
cool runnings,Adventure
"king james, witch hunter",History
enemy within,Action
anant shrankhla,Adventure
the accidental birdwatcher: the michael desbois spencer story,Biography
savai sarjachya navane changbhala,History
os senhores da guerra,Drama
drums in the deep south,Drama
noroshi wa shanghai ni agaru,Drama
i due crociati,Comedy
the battle of the strong,History
wackersdorf,Drama
the bascom home guard,Action
tarkan: altin madalyon,Action
valhalla tactics: vikings & varangians,Adventure
orphans of the storm,Drama
himig ng pag-ibig,History
legend of shue tao: a gifted female scholar,History
siri parakum,History
sukhodol,Drama
snow on the blades,Action
flock of four,Adventure
the last confederate: the story of robert adams,Action
karaoglan'in kardesi sargan,Adventure
sampoorna ramayan,Drama
"anchieta, josé do brasil",Drama
the assisi underground,Drama
a. hitler,Drama
a history of music,Drama
murmures dans les rugissants,History
"seven streets, two markets and a wedding",Biography
scirocco,Adventure
antologion,History
carthago nova,Animation
lone wolf and cub: white heaven in hell,Action
the ten commandments,Adventure
dauriya,Adventure
witch of the woods,History
madame durocher,Drama
trollsyn,Drama
the secret brigade,Action
crimen,Drama
aloïse,Biography
go to hell!!,Animation
"jesús, nuestro señor",Drama
el asesinato de trotsky,History
i trabocchetti del bandino,Drama
paris song,Biography
"duarte, traición y gloria",Drama
1993 - l'anno del giudizio,History
le roi danse,Drama
russkiy les,Drama
god's smuggler,Action
nanbanjin,History
kaesar,Fantasy
the last heretic,History
princess yang kwei-fei,Drama
united,Drama
the impossible,Adventure
kappalottiya thamizhan,Biography
untitled chris pine watergate project,Drama
the spirit of st. louis,Adventure
vlad the impaler: son of dracul,Biography
the botanist,Drama
the longest day,Action
count five and die,Crime
under the crystal sky,Drama
segesvár,Drama
augustów,History
hundiseaduse aegu,Adventure
"the friendship, tested by war",History
palavra e utopia,Biography
galileo,Drama
the princess of siberia,Drama
love in vain,Biography
night crossing,Drama
hai da yu,Fantasy
male nightingale,Biography
welcome to jonestown,Adventure
talking the pictures,Comedy
salvatore giuliano,Crime
legion of ghosts,Action
oglinda,Drama
my tender matador,Drama
perfect cover,History
inês de castro,Drama
flame & citron,Action
one night with the king,Biography
"juan apóstol, el más amado",History
armistice,Drama
for one of us,Drama
history of the world: part i,Comedy
the picture taker,History
the spirit and the flesh,Drama
leaves of grass: illuminated,History
angeli senza paradiso,Drama
chasing shadows,Action
the condemned of altona,Drama
utau yajikita ogon dochu,Comedy
killing heydrich,History
beslan,Drama
vikingasystrar,Drama
veysel karani,Biography
the accidental birdwatcher,Biography
sunshine,Drama
sefarad: to be or not to be,Action
vera,Drama
pochtovyy roman,Drama
eadgyd,Fantasy
dark enough to see the stars,History
fin de siècle,History
the wicker shield,History
mondo sacramento,Biography
nicholas of myra: the story of saint nicholas,Drama
atentat: osinnie vbyvstvo u munkheni,Drama
gekijouban sengoku basara: the last party,Animation
dolgiy put,Drama
the screenwriters,Comedy
pimienta roja,Drama
rana,Action
the bell affair,Animation
allama,Drama
the warden,Drama
"louis, enfant roi",Biography
les fêtes galantes,Comedy
tanariri,Biography
nation and destiny 11-13: hong yong ja,Drama
duel in the forest,Crime
ashton's,Drama
sturlungar,Action
the outpost,Action
the floating castle,Comedy
shattered waves,Drama
che!,Biography
the hiding place,Biography
the fifth to fall,Action
hiralal,History
la rumbera,Drama
the kings of angkor: army of a thousand elephants,Action
paradise road,Drama
empress wu,Drama
the poet king: the prophet's reward,Action
huso astgh,Drama
brothers war,History
subhedar,History
hymns,Drama
the zone,Biography
"seven intellectuals in bamboo forest, part 5",History
ashes in the snow,Drama
il giovane pertini - combattente per la libertà,History
gawah rehna,Drama
a night to remember,Drama
the high cost of living in haiti,History
the year of living locked up,Comedy
ukroshcheniye ognya,Biography
fatalis,Drama
caterina da siena,Biography
neruda,Biography
huérfanos,Biography
i piombi di venezia,Drama
un español en la corte del rey arturo,History
one day longer,Drama
dans les yeux d'elsa triolet,Biography
woody,Biography
american rebel,History
l'ultima odissea,Drama
el abanderado,History
bronze,Biography
the man of shame,Drama
osvobozhdenie: bitva za berlin,Drama
the wave canadiana blue,Comedy
haiducii,Action
the trench,Drama
tobruk,History
year zero: black country,History
benediction,Biography
the legend makers,Action
solomon and sheba,Drama
the 13th warrior,Action
the pioneer,Drama
being leonardo da vinci,Drama
mughal-e-azam,History
zuzu angel,Biography
the war extra,Drama
performance indeterminate cage opera,Comedy
elinan surma,Drama
wilds to riches,Adventure
jesus and the others,Drama
claudia's scroll,History
lady caroline lamb,Drama
bakka rath,Action
la marcha de zacatecas,Action
day of the falcon,Action
malik ek,Biography
the fountain by the river,Drama
christus,Biography
paula,Biography
posttravmatichna rapsodiya,Fantasy
rotating: the movie,Action
the face in the moonlight,Drama
genghis khan: to the ends of the earth and sea,Action
let joy reign supreme,Drama
der fuchs,Drama
pájaros de papel,Comedy
bonaparte et la révolution,Drama
rise: ini kalilah,Crime
dolores,Drama
the last noble jihad,Drama
iceman,Action
divoka srdce,Biography
free man,Action
a northern story of valor,Drama
"hóhér, vigyázz!",History
rod qalby,Drama
"once upon a time, cinema",Comedy
oda: vlucht door de eeuwen,Action
le dialogue des carmélites,Drama
emergency,Drama
the man with the carnation,Biography
portugal: a luta em tempos de crise!,Biography
kosare,Drama
parmanu: the story of pokhran,Action
a theory of colours,Fantasy
tarkan: gümüs eyer,Action
kuningas kulkureitten,Adventure
damn the defiant!,Action
robin hood,Action
the outlaw,Biography
iris,Drama
america's founders friends of the deaf,History
illustrious energy,History
el insurgente,Adventure
lonely hearts,Biography
"rabin, the last day",Drama
3. november 1918,Drama
"to life, to life: l'chaim",Biography
december,Biography
eartha kitt c'est si bon,Biography
"good night, and good luck.",Biography
shakespeare in love,Comedy
the wilderness road,Action
aleksandar od jugoslavije,Biography
may '68: as witnessed by the police,History
anzio,Drama
"before, now & then",Drama
they wanted peace,Drama
razia sultana,Action
"san francesco, un santo nel medioevo",History
ride the thunder,History
the nights of lucretia borgia,Drama
totayache bund,History
imparator atilla'nin demir yumrugu,Adventure
goya's ghosts,Biography
captain blood,Action
eastern bandits,Drama
villa triste,Adventure
detroit,Crime
diaries of letters to god,Biography
power game,Action
the french revolution,Drama
a radiant girl,Drama
deng xiaoping xiao dao,Biography
kremlevskiye tayni xvi veka,History
the sign of the cross,Drama
mitt hjärtas malmö - volym 3 1961-1974,History
nankana,Drama
lady ninja kasumi 8: clash! kouga vs. iga ninja,Action
the gorgeous hussy,Drama
gloire,History
david and bathsheba,Drama
battle for finland,Drama
knyazhna meri,Drama
leyli va macnun,Drama
"jd lawrence's martin, malcolm & me",Drama
match,Drama
thomas vive,Biography
the world in his arms,Action
pervaya konnaya,History
remarkable creatures,Drama
give back,Action
this is the american presidents,History
harriet,Action
the name of the people,History
miles away,Adventure
sunrise,History
land of liberty,History
os olhos da ásia,Drama
zátopek,Biography
the sino-japanese war at sea 1894,History
a reckoning,Crime
the red sea diving resort,Drama
here again,Action
viften,History
northmen - a viking saga,Action
eisenstein in hollywood,Biography
khun phan,Action
couleurs de l'incendie,Drama
the deserter,Comedy
tabarca - la storia del mare che unisce,History
the three musketeers: d'artagnan,Action
knyaz vladimir. film pervyy,Animation
lady kasuga,Drama
jazavac pred sudom: with the badger on trial,History
the amazing grace,Drama
goodbye tomorrow,Biography
third sister yang,History
tiraha,History
dapol tan payawar na tayug 1931,History
vatra i nista,Biography
bring us your women,Animation
the night of san juan,Drama
caroline and the rebels,Adventure
seven love flowers in the heavenly mountain under the seven swords,Action
"col. billy bibit, ram",Action
the legend of gilgamesh,Action
augustine,Biography
the eight immortals on the high seas,Adventure
hearts and the highway,Drama
leonardo da vinci,Biography
my little golden gate,Drama
silas marner,Drama
nasser 56,Biography
gurjar samraat mihir bhoj,History
centennial summer,History
zama,Drama
soldado argentino solo conocido por dios,Drama
rosen blühen auf dem heidegrab,History
slug in the sand,Adventure
die abenteuer der schönen dorette,History
torneranno i prati,Drama
francis of assisi,Biography
randgänger,Drama
freedom fighters,History
the legacy,Biography
no surrender,Action
the kidnapping of edgardo mortara,Drama
auction of souls,Drama
steam cloud rising,Drama
fuenteovejuna,Drama
"the kaiser, the beast of berlin",Drama
white feather,History
gautamiputra satakarni,Action
xi chu bawang,Action
the whaleboat war,History
the lennon report,Biography
walker,Biography
adieu bonaparte,Drama
phantom,Drama
codename 'holec',Drama
megher pore megh,History
bohdan-zynoviy khmelnytskyi,History
8/12 binay badal dinesh,Drama
she married her boss,Comedy
'gung ho!': the story of carlson's makin island raiders,Drama
huliya halina mevu,Drama
silver skates,Adventure
la marche,Comedy
while i'm here,History
täällä pohjantähden alla,Drama
photo finish - the race of the century,History
magnifique!,Biography
the siege of akhoulgo,History
tränen der sextner dolomiten,Drama
is atlantis in the bible?,History
valdemar sejr,Drama
"io, don giovanni",Drama
before dawn,Comedy
the black hen,Action
bette,Biography
amar kahani ravidas ji ki,History
pawankhind,Action
citizens of the kingdom trilogy,History
il mondo degli ultimi,Drama
the walk-on's,Action
200: halla ho,Crime
battal gazi'nin intikami,Action
felicitas,Drama
dzien wisly,Drama
burden,Biography
a trip down market,History
a fortunate life,Biography
xiang nan qi yi,Drama
tears in the sky,History
zvezda plenitelnogo schastya,Drama
"paul, apostle of christ",Adventure
bizansi titreten yigit,Action
the emperor and the assassin,Drama
shanghai triad,Crime
l'assedio di siracusa,Drama
the captive god,Adventure
zhou enlai returned to yanan,Biography
porzûs,Drama
ludwig ii,Biography
the night they killed rasputin,Biography
sahid raghu sardar,History
krew boga,History
tears of blood,History
the departure,Drama
verdenshistorien 1. del: en plads på jorden,Animation
white gold,History
aogiri,Drama
undercover,Comedy
the desert of the tartars,Drama
"el sitio de madrid, 1937-1939",History
francesco,Biography
the face of emmett till,History
an end to killing,Action
germany pale mother,Drama
love letters from the war,Drama
south tower,History
v nachale slavnykh del,Drama
saint joan,Biography
battles of chief pontiac,Drama
the forgotten front,Drama
a estrada 47,Drama
the story of vickie,Comedy
krieg und frieden,Drama
hostile territory,Drama
xunzhao shiqu de zongshi,History
after the rain,Drama
john 14:6,History
big snakes of ulli-kale,Adventure
i love you renato,Drama
journey to mecca,Drama
the command,Action
sons of our fathers,History
shaware' mn nar,Drama
ørnens øje,Action
kingdom,Action
danga the riot,Drama
brancaleone alle crociate,Adventure
mistress madeleine,Drama
infernal blood,History
the legend of molly johnson,Drama
sarsenapati hambirrao,Action
the buddhist monk,Adventure
maicling pelicula nañg ysañg indio nacional,Drama
giovanni's island,Animation
rome '78,Drama
den opvakte jomfru,Comedy
beauty for ashes: the oklahoma city bombing story,History
the messenger: the story of joan of arc,Adventure
god of war: zhao zilong,Action
bodyguards and assassins,Action
the corruptor,History
auschwitz,Drama
the miller prediction,Action
the inner circle,Biography
unspoken,Action
cainui huye,Drama
the empire's throne,Action
the pageant of san francisco,Drama
life of st. paul,Adventure
mater dolorosa,Drama
mission impossible: samurai,Action
battle of the sexes,Biography
american patriots,History
the round-up,Drama
the age of shadows,Action
viriato,Action
la rosalie,Biography
bride of vengeance,Adventure
the haze,Adventure
veszélyes vidék,History
tây son hào kiet,Action
lotus sutra,History
prince of poyais,Adventure
nell gwynne,Biography
cetatea neamtului,Action
red cliff ii,Action
sari zeybek,Adventure
les lyonnais,Action
black venus,Drama
vetrne more,Drama
the soldier's star,Drama
gongzhu de zhanfu,Fantasy
la vida de chucho el roto,Adventure
tokugawa ichizoku no houkai,Drama
imprisoned spirits: in search of the unknown,History
confiteor vindicta,Drama
osman çavus,Drama
le bal des folles,Drama
beyond the moonwalk: a dream to dance,Biography
atatürk'ün fedaisi topal osman,Drama
the mystical treasure,Action
tick tock,Adventure
kapo in jerusalem,Drama
pilgrimage,Action
homme fatale,Comedy
le médecin des pauvres,History
taras shevchenko,Biography
tres monjes rebeldes,History
heroes invitation,Action
damong ligaw,Action
brigham young,Adventure
marinos kontaras,Adventure
the man from oran,Drama
ferocious,Drama
the woman from meroe,Crime
the lion of penteli,Action
shaheed bhai kotwal,Action
besatzung dora,Drama
slave of the huns,Adventure
marat/sade,Drama
crna zora,History
kilroy,Biography
quitte pour la peur,Comedy
ijin musume to bushi,History
the thorn in the crown,History
once upon a time in china,Action
full moon over liangzhou,Drama
alitet ukhodit v gory,Adventure
lincolns secret weapon,History
chernobyl: abyss,Action
mtm 548,Animation
etudes pour un paysage amoureux,History
miami carver,History
pengkhianatan g30s/pki,Drama
the royalists,Adventure
john singer sargent project,Biography
kikuchi sembon-yari: shidonî tokubetsu kôgeki-tai,Action
legenda o tile,Adventure
l'ultimo re,Drama
boleslaw smialy,Drama
aram,Crime
la moglie di claudio,Drama
where i belong,Drama
furqat,Biography
125 years memory,Drama
china indiana jones: lost peking skulls,Action
madame tussaud,History
nagi el-ali,Biography
"martí, the eye of the canary",Drama
great getaway,History
the fall of ako castle,Action
exiled,Drama
"franco, jefe del gobierno del estado",History
in a kingdom by the sea,History
der schwarze tanner,Drama
the water diviner,Drama
poona raided,Biography
outlaw king,Action
azadi ya mout,Drama
uz jauno krastu,Drama
on the cumberland,Drama
barako,History
karl may,Biography
the man to kill,Fantasy
jezebel,Drama
serving for justice: the story of the 333rd field artillery battalion,History
yemende bir avuç türk,Adventure
rudhramadevi,Action
hey ram,Crime
knights of the teutonic order,Adventure
dum na porící,Drama
robert koch: the battle against death,Biography
bright eyes: against the current,Drama
scarlet,Drama
hercules,Adventure
l'aiglon,Drama
portugal: fight for freedom!,Biography
gata oricând!: partea întâi - eroii de la podul jiului,History
gintama live action the movie,Action
the fighting prince of donegal,Adventure
18-j,Drama
le fils de tarass boulba,Action
china cry: a true story,Biography
angevin,History
memoria de la sangre,History
dimitrijs spor,History
cabiria,Adventure
cadet 1947,Drama
rum brothers,History
chopin,History
a frozen flower,Drama
heart of a nation,Drama
jeon woochi,Action
ramanujan,Biography
shura i prosvirnyak,Drama
shiranami gonin otoko: tenka no ô-dorobô,Comedy
sea of silence,Drama
the electrical life of louis wain,Biography
jeungeon,Drama
the battle of broken hill,Adventure
the little comrade,Biography
northern lights,Drama
warrior,Action
phoenix,Drama
ge ming jia ting,Drama
bhakta kanakadasa,Biography
gallipoli,Adventure
xiang ban kulishenke,Drama
mordet på trotskij,Biography
kunisada chûji,Drama
general von döbeln,Drama
a real vermeer,Biography
le pan prima della pan,Biography
devil in the grove,Drama
the conquest of constantinople,Adventure
the other side of the mirror,Drama
ma il furore dei nostri sguardi,Biography
tobago menyaet kurs,Adventure
chouans!,Adventure
1612: khroniki smutnogo vremeni,Adventure
rosewood,Action
yego zovut sukhe-bator,Drama
les camisards,Drama
drama am gauligletscher,Drama
etyudy o vrubele,Biography
famous love affairs,Comedy
plague over england,History
the poisoning angel,Biography
el cid,Biography
mirza koochak khan,Biography
sarvagna mattomme hutti baa,History
court-martial,Action
maldito amor,Comedy
the last night,Drama
jerico,Action
driven out,Action
providence island,Drama
the indian wars,History
the adventurer,Adventure
yaroslav. tysyachu let nazad,Action
pitchipoi,Biography
battle of britain: the race for the radar,History
pasteur,Biography
chhath maiya ki mahima,Drama
als zwangsarbeiter auf dem land schufteten,History
de vrouwen van huysink,Drama
the gospel of lucifer,History
rampachodavaram,History
the ladder,Drama
tarkan canavarli kule,Adventure
sardar udham,Biography
gold is where you find it,Drama
chaber,Drama
cagliostro,Drama
mahasharana haralayya,Biography
hill of no return,Drama
die rettung,Action
purple butterfly,Drama
full river red,Comedy
doroga goryashchego furgona,Adventure
november night,Drama
katyn,Drama
the torrent,Drama
la maison du pêcheur,Biography
ramapir,Biography
dananir,Drama
1492,Action
the lost legion,Action
the last hours of che guevara,Biography
an empress and the warriors,Action
der ewige traum,Drama
the rule of undeaded insect,Action
trooper o'brien,Drama
kogda smert prishla v bagdad,Drama
ambe maa jagdambe maa,Comedy
don't cry for me england,Comedy
arild kristos's verden,Biography
príapo,History
misery,Drama
intervenci&oacuten extranjera en la guerra civil española,History
georg elser - einer aus deutschland,Drama
zalizna sotnya,Action
exodus,History
different from the others,Crime
bengal brigade,Adventure
moses austin,History
the far horizons,History
"sultan agung: tahta, perjuangan, cinta",Action
the pearls of the crown,Comedy
dziewczeta z nowolipek,Drama
shurochka,Drama
jesse james as the outlaw,History
barabbas,Biography
east noah's ark,History
stand up and fight,Drama
der friedensreiter,Drama
xue gang fan tang,History
devine intervention: through buried paths,Action
osvobozhdenie: proryv,Drama
reevolución 10/20 honor sin tiempo,Drama
med folket för fosterlandet,Crime
the great battle,Action
akit a vihar felkapott,History
raffles,Adventure
occupy here now,History
asyali disi cengaver,Adventure
the conspirator,Crime
liberta - radjanje grada,Drama
agathiyar,Adventure
pistoia 1944 - una storia partigiana,History
propaganda,Comedy
13 hours,Action
heroes in the sky,History
historium brugge,History
monsieur mayonnaise,History
212: the power of love,Drama
hitler's madman,Drama
camp x,Action
city of glass,Drama
victrix 3 odin's wolves,Drama
ingeborg bachmann - journey into the desert,Biography
seeking the promised land,Drama
dirty tricks,Drama
untitled alexander the great project,Biography
the einstein of sex,Biography
o outro lado do paraíso,Drama
uscirai sano,Biography
fortune heritage,Adventure
rustin,Biography
the anna cross,Drama
tomiris,Animation
i am a king,Comedy
ripudiata,Drama
an enemy to the king,Adventure
sarhad,Action
variola vera,Drama
strangers to the world,History
publieke werken,Drama
"per amore, solo per amore",History
ssylnyy 011,History
bonhoeffer: holy traitor,Adventure
tao yuan san jie yi,Drama
"inca garcilaso, el mestizo",History
the palace,History
maadi madidavaru,History
nezire,Drama
the german doctor,Drama
la dame de chefchaouen,History
devi ahilya bai,Biography
norjmaa,Drama
doto no taiketsu,History
rozhdeniye imperii,Drama
al-katiba 418,Drama
figli del destino,Biography
edict of expulsion 1492,Adventure
maiden war,Action
the legend of rita,Drama
night ambush,Action
l'inverno,Drama
"mitt hjärtas malmö volym 1, 1953-1965",History
mati sheng sui,Drama
xiao xi tian di dao chuan qi,History
the bravest escort group,Action
"brothers grimm, sisters wild",History
paradise visa,History
thomas j. churchill's ghost writer,History
boule de suif,Animation
may the lord be with us,Drama
the blue bench,Biography
marguerite & julien,Drama
la vera storia di luisa bonfanti,Biography
untitled garbo project,History
treblinka,Drama
the miracle maker,Animation
community action center,History
indigenous project,Comedy
chanakya speaks,History
crane,Fantasy
the rise of theodore roosevelt,Adventure
x-15,Drama
umirat ne strashno,Drama
adham el charkawi,Biography
turhanoglu: çal hasan,Action
the baroqué era,History
hazreti ibrahim,Drama
dawn of america,History
amanat,Biography
timefighters,Animation
tanssi yli hautojen,Drama
miles of fire,Adventure
mai tian,Action
il coraggio di credere,History
cerná fortuna,Drama
the last son,Action
el-alamein,History
ninja bugei-chô,Animation
the highwayman,Action
"zorro, the navarra marquis",Adventure
ceplis,Comedy
476 a.d. chapter one: the last light of aries,Biography
the fifth queen,Drama
as in heaven,Drama
scipione l'africano,Drama
megan leavey,Action
the 14th daughter of hsin family,Drama
jin lian hua,Drama
korkusuz asiklar,Adventure
una donna indipendente: vita avventurosa di giulia gonzaga,History
bad blood,Drama
"bilet v krasnyy teatr, ili smert grobokopatelya",Crime
lo spirito del serchio,Biography
elvis & nixon,Comedy
mio fratello è figlio unico,Comedy
dash,History
the toy wife,Drama
chitra te shera,Biography
helene,Biography
mountains of the moon,Adventure
la casta divina,Drama
blue noon,History
the sword,Action
the zookeeper's wife,Biography
camp topaz,Drama
the halifax explosion,History
god's outlaw,Biography
"ion: blestemul pamîntului, blestemul iubirii",Drama
kojiro's turning swallow cut,Action
gernail singh,Action
come out fighting,Action
balkadu,Drama
harminckét sor - 1956,History
a man of great strength: im ggyeok-jeong,Action
the hero,Crime
festina lente: make haste slowly,Action
lover of the last empress,Drama
san xiao,Comedy
a messenger from the shadows (notes on film 06 a/monologue 01),History
takht,Action
alishan feng yun,Adventure
from two worlds as a keepsake,Drama
oradour,Drama
memoirs,Drama
babak 2020,History
agoge,Action
the battle of austerlitz,Drama
carmela,History
kothhi 1947,History
malazgirt 1071,History
la paix pour les enfants du monde,History
sheran di kaum punjabi,Action
1776,Drama
burke and hare,Comedy
fru inger til østråt,Drama
the time that remains,Drama
uri: the surgical strike,Action
birth of the blues,History
deborah sampson,History
zagovor myortvyh,Drama
heroic losers,Adventure
texas red,Action
through struggle to the stars,History
hazreti ömer'in adaleti,Biography
1939-1975 la españa de franco en color,History
a crisis in edinburgh,History
more than just a pretty face,Biography
the emperor of paris,Adventure
li san niang,Drama
la sposa dei re,Comedy
svoboda ili smart,Drama
kníze václav,Drama
the beautiful country,Drama
the ghetto,History
the decameron,Comedy
furisode kyôjo,History
vault,Action
haremde dört kadin,Drama
the mover,Drama
"nefertiti, figlia del sole",History
dan duzi od godine,Drama
revenge,Drama
humayun,Drama
momentul adevarului,Drama
rote räte,History
the story of life,Drama
yu chigong,Action
hetman,Drama
the 33,Biography
the purple mask,Adventure
chnder-rao-more,Biography
kagemusha,Drama
jesse and me,Biography
una virgen para calígula,Comedy
martin luther,Biography
janosik,Biography
marketa lazarová,Drama
judas and the black messiah,Biography
the secret ways,Adventure
the golden coach,Comedy
veer baji rout... the unsung story,History
eter,Drama
h4,Drama
"aphrodite, goddess of love",Drama
the story of artigas,Drama
mountaintop,Crime
the promised land,Drama
the conclave,Biography
johan padan a la descoverta de le americhe,Animation
patriot,Drama
dead fellas,Action
the potsdam quartet,History
tsar,Drama
príbeh lásky a cti,Drama
trei zile pana la craciun,Drama
thiruvarutselvar,Drama
selahattin eyyubi,Biography
george washington carver,Biography
antar ibn shaddad,Biography
inu-oh,Animation
che: part one,Biography
world gangster,Action
benjamin,Animation
dancing with sancho panza,Drama
the trial of the judges,Drama
horseland,History
wizja lokalna 1901,Drama
sigh of the sea,Drama
reds,Biography
who is undercover,History
the swan princess (dangina),History
magnat,Drama
city of butchers,History
lachit borphukan,History
frank and ava,Biography
der rat der götter,History
sadhguru shivayogi sri halaswamy charitre,History
pattenrai!! - minami no shima no mizu monogatari,Animation
king naresuan 5,History
lady ninja: a blue shadow,Action
debbas,Drama
summer of '67,Drama
the trials of oscar wilde,Biography
the dark avenger,Adventure
the reign of terror,Drama
naxal,History
mutiny,Adventure
nell gwyn,History
in einem kühlem grunde,Adventure
i predatori delle antille,Adventure
labyrinth of cinema,Drama
headhunters: the bygone days - part 1,History
at the crossroads of great storms,Biography
abbase and jafar barmaki,History
the oklahoma kid,Action
fozu dan sheng,Adventure
mai tai,Adventure
100 minutes,Drama
samrat prithviraj chauhan,Adventure
nima yoshij,History
the life of lord byron,Biography
the american heritage collection,History
the colossus of rhodes,Adventure
a viking saga: son of thor,Adventure
daygo,History
rabia,Drama
krishna arjun yudh,Drama
che,Drama
j.s edmonds: advocatus pro mortuis,Adventure
la banda grossi,Adventure
chinatown film project,Biography
chi zha xiang zhou ye jianying,Biography
p22,Action
friends of the forest,Biography
even the rain,Drama
bhakta dhruva,Adventure
kandan karunai,Fantasy
goliath and the rebel slave,Adventure
ashoka the great,Action
the real king of miami,Action
bhakta prahlada,Drama
quand je serai parti... vous vivrez encore,Action
floripes,History
the cyclotron,Drama
eosa bak munsujeon,History
abraham's call - the story of hajj,History
'83,Biography
mahatirtha kalighat,History
shinsengumi: assassins of honor,Action
de armas e bagagens,Drama
dharti ke lal,Drama
torquemada,Drama
um filme falado,Comedy
suprugi orlovy,Drama
no future,Drama
mitt hjärtas malmö: vol 4 - 1908 - 1936,History
dictionnaire de l'amour fourbe,Comedy
dong jing shen pan,Crime
die jugendstreiche des knaben karl,Comedy
my name is sara,Biography
krishnaji ek yodha,History
the untitled roman emperor project,History
inis airc: bás oileáin,History
masada,Action
veer durgadas,Biography
testament of youth,Biography
badaranii,Comedy
jai jawaan jai kisaan,Biography
cest a sláva,Drama
engel aus eisen,Crime
at road's end,Crime
the death agony of the eagles,Drama
howe & hummel,Comedy
kremlyovskie kuranty,Drama
rockefeller vs. tar barrel,History
revolução (sem) sangue,Biography
kazakh khanate: diamond sword,Action
society of the snow,Adventure
abdou with the almohades,Adventure
heroes returning to the east,Action
constantinople,Adventure
the private life of henry viii. 3d,Biography
sürgün,Drama
opoznanie,Biography
the man in the iron mask,Adventure
aufregung um jesus,History
when the last sword is drawn,Drama
the laundromat,Comedy
another country,Biography
born a king,Drama
the winter of 1905,History
death of narayanrao peshwa,Biography
tayna sukharevoy bashni. charodey ravnovesiya,Animation
once upon a time in australia,Action
les beaux jours du roi murat,Drama
the emigrants,Drama
bet on revenge,Adventure
le radeau de la méduse,Adventure
et silenter deleo,History
assa,Crime
lukasiewicz - nafciarz romantyk,Biography
hajdúk,Adventure
katherine of alexandria,Biography
fight temple,Action
attila,Biography
exodus 47,History
the scottish covenanters,Drama
influence,Action
jamshid and khorshid,Animation
willy-nilly hero,Adventure
chorni dni,Drama
the affairs of cellini,Comedy
the flowers of war,Drama
podhale w ogniu,Biography
da zhuan zhe: ao zhan lu xi nan,History
the king and the queens men,History
samurai banners,Action
mat uragana,Drama
blanche,Drama
caligula et messaline,Action
rurouni kenshin: requiem for the ishin patriots,Animation
seven words,History
the tarryall,Adventure
douglas macarthur: return to corregidor,History
the mountain sea,Biography
padlock men,Action
reign of terror,History
mary queen of scots,Biography
the harvey girls,Comedy
atlantik,Drama
stupor mundi,Biography
a kind of world war,History
córka generala pankratowa,Drama
chorna dolyna,Adventure
ghost aliens,Animation
the paris bookseller,Biography
once a pilgrim,Action
the great emperor,Adventure
ihtiras firtinasi,Drama
muntii în flacari,Drama
frost/nixon,Biography
la colina de los pequeños diablos,Comedy
caliche sangriento,Drama
letters from marusia,Drama
landammann stauffacher,Drama
el juicio de leona vicario,History
the crucible,Drama
beneath the silence,Drama
inside st paul's cathedral,History
sergeant york,Biography
kaur,Drama
shirley,Biography
heneral luna,Action
diplomacy,Drama
internment,Drama
the captives,History
the silent natural,Biography
veergatha,History
k-19: the widowmaker,Drama
eight men out,Drama
marighella,Action
montevideo: taste of a dream,Adventure
untitled sky tribe pictures project,Drama
engine no. 7,History
perilous journey,Adventure
shindisi,Drama
to kill a king,Biography
taj mahal: an eternal love story,Drama
gandhi to hitler,Drama
mi hija hildegart,Biography
the exiled,Drama
captain john smith and pocahontas,Drama
rayana,History
clovek proti zkáze,Biography
joseph and zuleika,Drama
caesar the conqueror,Adventure
kronprinz rudolph oder: das geheimnis von mayerling,Drama
salem's ghosts - a paranormal audio drama,History
daglar sahini yörük efe,Adventure
the coffin affair,Biography
ryan baxter: reenactor,Comedy
the battle for bengal,History
black friday,Action
sex of the imperial,History
pharma,Biography
cent ans de gloire,History
siberian sniper,History
flowers of reverie,Drama
firaaq,Drama
redeyef 54,Comedy
mahakavi kalidas,Drama
ahelepola kumarihami,History
nocturnal medicine,Action
"loyola, the soldier saint",Biography
assassin's creed 2,Action
1621,History
magdala rose,Adventure
the big short,Biography
a man of action,Biography
seven ages of qatar,History
l'equilibrista con la stella,History
war of roses,History
taste of centuries iii: dark legend,Action
the conquest: william the conqueror,Drama
"the lunatic, the lover, and the poet.",History
the war between us,Drama
yalniz efe,Drama
one mile one life,Animation
the prisoner of sakura,Drama
tomb empty coffin,Action
to kill a priest,Drama
the complete history of america's railroads,History
mars na drinu,Action
lady ninja kaede 2,Action
st. antony,Family
al maniero di montebello,History
ömer hayyam,Biography
korematsu v. united states,Biography
amerikanka,Action
grenzgänge,History
pravednik,Drama
pope joan,Drama
"garabandal, solo dios lo sabe",Biography
sigfrido oliva - monologo sull'arte,Animation
zhan xuanwu,Action
broadway to hollywood,History
operation disaster,Drama
"mussolini, una morte da riscrivere",History
rózyczka 2,Drama
the elementary school,Adventure
operativo soberanía,History
dovbush,Adventure
this is jane,Biography
clockwise,Fantasy
matros zheleznyak,Biography
shivaji the social reformer,Biography
the photographer of mauthausen,Biography
matheus,History
women in the castle,Drama
erewhon,Fantasy
censored,Biography
you are mythical,Biography
the golden collars,Action
haru no yuki,Drama
the evil spirit of leo tolstoy,Biography
once my mother,Family
hwang jin yi,Biography
shadows in patagonia,Action
measuring the world,Biography
gente mala del norte,Drama
an ordinary execution,Drama
casanova variations,Biography
life end,History
du guesclin,Adventure
three musketeers,Action
kard és kocka,History
curfew,Drama
a batalha dos três reis,History
napoleon,Action
qian long xia jiangnan,Comedy
tutankhamun: enter the tomb,Adventure
the shot,Action
don't tell,Biography
de förjagade,Action
divine temple khajuraho,History
astrup - flammen over jølster,Biography
o jerusalem,Drama
ossitürke,Drama
sri wickrama,History
la febbre del fare - bologna 1945-1980,History
12 strong,Action
the great sioux massacre,Action
one year and seven days,Drama
shish mahal,History
henry v,Biography
csak még egyszer elöre,Drama
nurjehan,Biography
the good fight,Drama
the summer pact,Drama
"lakota: black, red, yellow, white",Action
sin,Biography
viimne reliikvia,Adventure
secret nation,Drama
pearl carter scott: on top of the world,History
sokrat,Biography
the rider with lightning in his hand,History
woman chief,Drama
the secret of st. ives,Action
till we meet again,Drama
the eagle and the raven,History
by the numbers,History
karnan,Action
istoki,Drama
baked alaska,Comedy
conflict,Drama
hason raja,History
queen of the desert,Adventure
connemara,Adventure
non ho tempo,Biography
the dacians,Biography
khuda ka banda,Drama
bonnie prince charlie,Biography
little crusader,Drama
darkness into light,Adventure
hétköznapi trianon,History
anunnaki,Drama
born,Action
die by the sword,History
stepnyye ogni,Drama
noor-e-islam,Drama
only fools fall in love,Comedy
orderers,Drama
lorenzo ruiz... the saint... a filipino!,Biography
obywatel,Comedy
untitled kadish/stevens project,Adventure
valkyrie,Drama
tsar ivan groznyy,Drama
walesa: man of hope,Biography
for a certainty god made him lord and christ,Drama
max manus: man of war,Action
edith walks,Biography
"duse, uno spettacolo di memorie",History
time of darkness,History
the inquiry,History
revolt,Action
the pink triangle,History
we pedal uphill,Comedy
rahe behesht,History
la fontaine des amours,Drama
la persecuci&oacuten religiosa,History
